band_count,crs,river,site,spatial_resolution_m,year,.geo
3,EPSG:26913,Rock_WY,no_LW_Channel,2,2004,"{""type"":""MultiPoint"",""coordinates"":[]}"
3,EPSG:26913,Rock_WY,no_LW_Channel,1,2006,"{""type"":""MultiPoint"",""coordinates"":[]}"
4,EPSG:26913,Rock_WY,no_LW_Channel,1,2009,"{""type"":""MultiPoint"",""coordinates"":[]}"
4,EPSG:26913,Rock_WY,no_LW_Channel,1,2012,"{""type"":""MultiPoint"",""coordinates"":[]}"
4,EPSG:26913,Rock_WY,no_LW_Channel,0.5,2015,"{""type"":""MultiPoint"",""coordinates"":[]}"
4,EPSG:26913,Rock_WY,no_LW_Channel,1,2017,"{""type"":""MultiPoint"",""coordinates"":[]}"
4,EPSG:26913,Rock_WY,no_LW_Channel,0.6,2019,"{""type"":""MultiPoint"",""coordinates"":[]}"
4,EPSG:26913,Rock_WY,no_LW_Channel,0.6,2022,"{""type"":""MultiPoint"",""coordinates"":[]}"
3,EPSG:26915,Indian,LW_Channel,2,2004,"{""type"":""MultiPoint"",""coordinates"":[]}"
3,EPSG:26915,Indian,LW_Channel,2,2005,"{""type"":""MultiPoint"",""coordinates"":[]}"
3,EPSG:26915,Indian,LW_Channel,1,2006,"{""type"":""MultiPoint"",""coordinates"":[]}"
3,EPSG:26915,Indian,LW_Channel,2,2007,"{""type"":""MultiPoint"",""coordinates"":[]}"
3,EPSG:26915,Indian,LW_Channel,1,2008,"{""type"":""MultiPoint"",""coordinates"":[]}"
3,EPSG:26915,Indian,LW_Channel,1,2009,"{""type"":""MultiPoint"",""coordinates"":[]}"
4,EPSG:26915,Indian,LW_Channel,1,2010,"{""type"":""MultiPoint"",""coordinates"":[]}"
4,EPSG:26915,Indian,LW_Channel,1,2011,"{""type"":""MultiPoint"",""coordinates"":[]}"
4,EPSG:26915,Indian,LW_Channel,1,2013,"{""type"":""MultiPoint"",""coordinates"":[]}"
4,EPSG:26915,Indian,LW_Channel,1,2014,"{""type"":""MultiPoint"",""coordinates"":[]}"
4,EPSG:26915,Indian,LW_Channel,1,2015,"{""type"":""MultiPoint"",""coordinates"":[]}"
4,EPSG:26915,Indian,LW_Channel,1,2017,"{""type"":""MultiPoint"",""coordinates"":[]}"
4,EPSG:26915,Indian,LW_Channel,0.6,2019,"{""type"":""MultiPoint"",""coordinates"":[]}"
4,EPSG:26915,Indian,LW_Channel,0.6,2021,"{""type"":""MultiPoint"",""coordinates"":[]}"
4,EPSG:26915,Indian,LW_Channel,0.3,2023,"{""type"":""MultiPoint"",""coordinates"":[]}"
3,EPSG:26915,Indian,no_LW_Channel,2,2004,"{""type"":""MultiPoint"",""coordinates"":[]}"
3,EPSG:26915,Indian,no_LW_Channel,2,2005,"{""type"":""MultiPoint"",""coordinates"":[]}"
3,EPSG:26915,Indian,no_LW_Channel,1,2006,"{""type"":""MultiPoint"",""coordinates"":[]}"
3,EPSG:26915,Indian,no_LW_Channel,2,2007,"{""type"":""MultiPoint"",""coordinates"":[]}"
3,EPSG:26915,Indian,no_LW_Channel,1,2008,"{""type"":""MultiPoint"",""coordinates"":[]}"
3,EPSG:26915,Indian,no_LW_Channel,1,2009,"{""type"":""MultiPoint"",""coordinates"":[]}"
4,EPSG:26915,Indian,no_LW_Channel,1,2010,"{""type"":""MultiPoint"",""coordinates"":[]}"
4,EPSG:26915,Indian,no_LW_Channel,1,2011,"{""type"":""MultiPoint"",""coordinates"":[]}"
4,EPSG:26915,Indian,no_LW_Channel,1,2013,"{""type"":""MultiPoint"",""coordinates"":[]}"
4,EPSG:26915,Indian,no_LW_Channel,1,2014,"{""type"":""MultiPoint"",""coordinates"":[]}"
4,EPSG:26915,Indian,no_LW_Channel,1,2015,"{""type"":""MultiPoint"",""coordinates"":[]}"
4,EPSG:26915,Indian,no_LW_Channel,1,2017,"{""type"":""MultiPoint"",""coordinates"":[]}"
4,EPSG:26915,Indian,no_LW_Channel,0.6,2019,"{""type"":""MultiPoint"",""coordinates"":[]}"
4,EPSG:26915,Indian,no_LW_Channel,0.6,2021,"{""type"":""MultiPoint"",""coordinates"":[]}"
4,EPSG:26915,Indian,no_LW_Channel,0.3,2023,"{""type"":""MultiPoint"",""coordinates"":[]}"
3,EPSG:26915,Skunk,LW_Channel,2,2004,"{""type"":""MultiPoint"",""coordinates"":[]}"
3,EPSG:26915,Skunk,LW_Channel,2,2005,"{""type"":""MultiPoint"",""coordinates"":[]}"
3,EPSG:26915,Skunk,LW_Channel,2,2007,"{""type"":""MultiPoint"",""coordinates"":[]}"
3,EPSG:26915,Skunk,LW_Channel,1,2008,"{""type"":""MultiPoint"",""coordinates"":[]}"
3,EPSG:26915,Skunk,LW_Channel,1,2009,"{""type"":""MultiPoint"",""coordinates"":[]}"
4,EPSG:26915,Skunk,LW_Channel,1,2011,"{""type"":""MultiPoint"",""coordinates"":[]}"
4,EPSG:26915,Skunk,LW_Channel,1,2013,"{""type"":""MultiPoint"",""coordinates"":[]}"
4,EPSG:26915,Skunk,LW_Channel,1,2014,"{""type"":""MultiPoint"",""coordinates"":[]}"
4,EPSG:26915,Skunk,LW_Channel,1,2015,"{""type"":""MultiPoint"",""coordinates"":[]}"
4,EPSG:26915,Skunk,LW_Channel,1,2017,"{""type"":""MultiPoint"",""coordinates"":[]}"
4,EPSG:26915,Skunk,LW_Channel,0.6,2019,"{""type"":""MultiPoint"",""coordinates"":[]}"
4,EPSG:26915,Skunk,LW_Channel,0.6,2021,"{""type"":""MultiPoint"",""coordinates"":[]}"
4,EPSG:26915,Skunk,LW_Channel,0.3,2023,"{""type"":""MultiPoint"",""coordinates"":[]}"
3,EPSG:26915,Skunk,no_LW_Channel,2,2004,"{""type"":""MultiPoint"",""coordinates"":[]}"
3,EPSG:26915,Skunk,no_LW_Channel,2,2005,"{""type"":""MultiPoint"",""coordinates"":[]}"
3,EPSG:26915,Skunk,no_LW_Channel,2,2007,"{""type"":""MultiPoint"",""coordinates"":[]}"
3,EPSG:26915,Skunk,no_LW_Channel,1,2008,"{""type"":""MultiPoint"",""coordinates"":[]}"
3,EPSG:26915,Skunk,no_LW_Channel,1,2009,"{""type"":""MultiPoint"",""coordinates"":[]}"
4,EPSG:26915,Skunk,no_LW_Channel,1,2011,"{""type"":""MultiPoint"",""coordinates"":[]}"
4,EPSG:26915,Skunk,no_LW_Channel,1,2013,"{""type"":""MultiPoint"",""coordinates"":[]}"
4,EPSG:26915,Skunk,no_LW_Channel,1,2014,"{""type"":""MultiPoint"",""coordinates"":[]}"
4,EPSG:26915,Skunk,no_LW_Channel,1,2015,"{""type"":""MultiPoint"",""coordinates"":[]}"
4,EPSG:26915,Skunk,no_LW_Channel,1,2017,"{""type"":""MultiPoint"",""coordinates"":[]}"
4,EPSG:26915,Skunk,no_LW_Channel,0.6,2019,"{""type"":""MultiPoint"",""coordinates"":[]}"
4,EPSG:26915,Skunk,no_LW_Channel,0.6,2021,"{""type"":""MultiPoint"",""coordinates"":[]}"
4,EPSG:26915,Skunk,no_LW_Channel,0.3,2023,"{""type"":""MultiPoint"",""coordinates"":[]}"
3,EPSG:26910,Rock_WA_1,no_LW_Channel,1,2006,"{""type"":""MultiPoint"",""coordinates"":[]}"
4,EPSG:26910,Rock_WA_1,no_LW_Channel,1,2009,"{""type"":""MultiPoint"",""coordinates"":[]}"
4,EPSG:26910,Rock_WA_1,no_LW_Channel,1,2011,"{""type"":""MultiPoint"",""coordinates"":[]}"
4,EPSG:26910,Rock_WA_1,no_LW_Channel,1,2013,"{""type"":""MultiPoint"",""coordinates"":[]}"
4,EPSG:26910,Rock_WA_1,no_LW_Channel,1,2015,"{""type"":""MultiPoint"",""coordinates"":[]}"
4,EPSG:26910,Rock_WA_1,no_LW_Channel,1,2017,"{""type"":""MultiPoint"",""coordinates"":[]}"
4,EPSG:26910,Rock_WA_1,no_LW_Channel,0.6,2019,"{""type"":""MultiPoint"",""coordinates"":[]}"
4,EPSG:26910,Rock_WA_1,no_LW_Channel,0.6,2023,"{""type"":""MultiPoint"",""coordinates"":[]}"
3,EPSG:26910,Rock_WA_1,LW_Channel,1,2006,"{""type"":""MultiPoint"",""coordinates"":[]}"
4,EPSG:26910,Rock_WA_1,LW_Channel,1,2009,"{""type"":""MultiPoint"",""coordinates"":[]}"
4,EPSG:26910,Rock_WA_1,LW_Channel,1,2011,"{""type"":""MultiPoint"",""coordinates"":[]}"
4,EPSG:26910,Rock_WA_1,LW_Channel,1,2013,"{""type"":""MultiPoint"",""coordinates"":[]}"
4,EPSG:26910,Rock_WA_1,LW_Channel,1,2015,"{""type"":""MultiPoint"",""coordinates"":[]}"
4,EPSG:26910,Rock_WA_1,LW_Channel,1,2017,"{""type"":""MultiPoint"",""coordinates"":[]}"
4,EPSG:26910,Rock_WA_1,LW_Channel,0.6,2019,"{""type"":""MultiPoint"",""coordinates"":[]}"
4,EPSG:26910,Rock_WA_1,LW_Channel,0.6,2023,"{""type"":""MultiPoint"",""coordinates"":[]}"
3,EPSG:26910,Rock_WA_2,LW_Channel,1,2006,"{""type"":""MultiPoint"",""coordinates"":[]}"
4,EPSG:26910,Rock_WA_2,LW_Channel,1,2009,"{""type"":""MultiPoint"",""coordinates"":[]}"
4,EPSG:26910,Rock_WA_2,LW_Channel,1,2011,"{""type"":""MultiPoint"",""coordinates"":[]}"
4,EPSG:26910,Rock_WA_2,LW_Channel,1,2013,"{""type"":""MultiPoint"",""coordinates"":[]}"
4,EPSG:26910,Rock_WA_2,LW_Channel,1,2015,"{""type"":""MultiPoint"",""coordinates"":[]}"
4,EPSG:26910,Rock_WA_2,LW_Channel,1,2017,"{""type"":""MultiPoint"",""coordinates"":[]}"
4,EPSG:26910,Rock_WA_2,LW_Channel,0.6,2019,"{""type"":""MultiPoint"",""coordinates"":[]}"
4,EPSG:26910,Rock_WA_2,LW_Channel,0.6,2023,"{""type"":""MultiPoint"",""coordinates"":[]}"
3,EPSG:26910,Snoqualmie,LW_Channel,1,2006,"{""type"":""MultiPoint"",""coordinates"":[]}"
4,EPSG:26910,Snoqualmie,LW_Channel,1,2009,"{""type"":""MultiPoint"",""coordinates"":[]}"
4,EPSG:26910,Snoqualmie,LW_Channel,1,2011,"{""type"":""MultiPoint"",""coordinates"":[]}"
4,EPSG:26910,Snoqualmie,LW_Channel,1,2013,"{""type"":""MultiPoint"",""coordinates"":[]}"
4,EPSG:26910,Snoqualmie,LW_Channel,1,2015,"{""type"":""MultiPoint"",""coordinates"":[]}"
4,EPSG:26910,Snoqualmie,LW_Channel,1,2017,"{""type"":""MultiPoint"",""coordinates"":[]}"
4,EPSG:26910,Snoqualmie,LW_Channel,0.6,2019,"{""type"":""MultiPoint"",""coordinates"":[]}"
4,EPSG:26910,Snoqualmie,LW_Channel,0.6,2023,"{""type"":""MultiPoint"",""coordinates"":[]}"
3,EPSG:26912,Nyack,LW_Channel,1,2005,"{""type"":""MultiPoint"",""coordinates"":[]}"
4,EPSG:26912,Nyack,LW_Channel,1,2009,"{""type"":""MultiPoint"",""coordinates"":[]}"
4,EPSG:26912,Nyack,LW_Channel,1,2011,"{""type"":""MultiPoint"",""coordinates"":[]}"
4,EPSG:26912,Nyack,LW_Channel,1,2013,"{""type"":""MultiPoint"",""coordinates"":[]}"
4,EPSG:26912,Nyack,LW_Channel,1,2016,"{""type"":""MultiPoint"",""coordinates"":[]}"
4,EPSG:26912,Nyack,LW_Channel,0.6,2017,"{""type"":""MultiPoint"",""coordinates"":[]}"
4,EPSG:26912,Nyack,LW_Channel,0.6,2021,"{""type"":""MultiPoint"",""coordinates"":[]}"
3,EPSG:26912,Nyack,no_LW_Channel,1,2005,"{""type"":""MultiPoint"",""coordinates"":[]}"
4,EPSG:26912,Nyack,no_LW_Channel,1,2009,"{""type"":""MultiPoint"",""coordinates"":[]}"
4,EPSG:26912,Nyack,no_LW_Channel,1,2011,"{""type"":""MultiPoint"",""coordinates"":[]}"
4,EPSG:26912,Nyack,no_LW_Channel,1,2013,"{""type"":""MultiPoint"",""coordinates"":[]}"
4,EPSG:26912,Nyack,no_LW_Channel,1,2016,"{""type"":""MultiPoint"",""coordinates"":[]}"
4,EPSG:26912,Nyack,no_LW_Channel,0.6,2017,"{""type"":""MultiPoint"",""coordinates"":[]}"
4,EPSG:26912,Nyack,no_LW_Channel,0.6,2021,"{""type"":""MultiPoint"",""coordinates"":[]}"
3,EPSG:26913,Rock_WY,LW_Channel,2,2004,"{""type"":""MultiPoint"",""coordinates"":[]}"
3,EPSG:26913,Rock_WY,LW_Channel,1,2006,"{""type"":""MultiPoint"",""coordinates"":[]}"
4,EPSG:26913,Rock_WY,LW_Channel,1,2009,"{""type"":""MultiPoint"",""coordinates"":[]}"
4,EPSG:26913,Rock_WY,LW_Channel,1,2012,"{""type"":""MultiPoint"",""coordinates"":[]}"
4,EPSG:26913,Rock_WY,LW_Channel,0.5,2015,"{""type"":""MultiPoint"",""coordinates"":[]}"
4,EPSG:26913,Rock_WY,LW_Channel,1,2017,"{""type"":""MultiPoint"",""coordinates"":[]}"
4,EPSG:26913,Rock_WY,LW_Channel,0.6,2019,"{""type"":""MultiPoint"",""coordinates"":[]}"
4,EPSG:26913,Rock_WY,LW_Channel,0.6,2022,"{""type"":""MultiPoint"",""coordinates"":[]}"
3,EPSG:26910,Rock_WY,no_LW_Channel,1,2006,"{""type"":""MultiPoint"",""coordinates"":[]}"
4,EPSG:26910,Rock_WY,no_LW_Channel,1,2009,"{""type"":""MultiPoint"",""coordinates"":[]}"
4,EPSG:26910,Rock_WY,no_LW_Channel,1,2011,"{""type"":""MultiPoint"",""coordinates"":[]}"
4,EPSG:26910,Rock_WY,no_LW_Channel,1,2013,"{""type"":""MultiPoint"",""coordinates"":[]}"
4,EPSG:26910,Rock_WY,no_LW_Channel,1,2015,"{""type"":""MultiPoint"",""coordinates"":[]}"
4,EPSG:26910,Rock_WY,no_LW_Channel,1,2017,"{""type"":""MultiPoint"",""coordinates"":[]}"
4,EPSG:26910,Rock_WY,no_LW_Channel,0.6,2019,"{""type"":""MultiPoint"",""coordinates"":[]}"
4,EPSG:26910,Rock_WY,no_LW_Channel,0.6,2022,"{""type"":""MultiPoint"",""coordinates"":[]}"
3,EPSG:26910,Snoqualmie,no_LW_Channel,1,2006,"{""type"":""MultiPoint"",""coordinates"":[]}"
4,EPSG:26910,Snoqualmie,no_LW_Channel,1,2009,"{""type"":""MultiPoint"",""coordinates"":[]}"
4,EPSG:26910,Snoqualmie,no_LW_Channel,1,2011,"{""type"":""MultiPoint"",""coordinates"":[]}"
4,EPSG:26910,Snoqualmie,no_LW_Channel,1,2013,"{""type"":""MultiPoint"",""coordinates"":[]}"
4,EPSG:26910,Snoqualmie,no_LW_Channel,1,2015,"{""type"":""MultiPoint"",""coordinates"":[]}"
4,EPSG:26910,Snoqualmie,no_LW_Channel,1,2017,"{""type"":""MultiPoint"",""coordinates"":[]}"
4,EPSG:26910,Snoqualmie,no_LW_Channel,0.6,2019,"{""type"":""MultiPoint"",""coordinates"":[]}"
4,EPSG:26910,Snoqualmie,no_LW_Channel,0.6,2023,"{""type"":""MultiPoint"",""coordinates"":[]}"
